[
  {
    "host": "gapis.geekzu.org",
    "port": 443
  },
  {
    "host": "devtools.azureedge.net",
    "port": 443
  },
  {
    "host": "mrodevicemgr.officeapps.live.com",
    "port": 443
  },
  {
    "host": "dsm01pap004.storage.live.com",
    "port": 443
  },
  {
    "host": "primary12138tnnd.github.io",
    "port": 443
  },
  {
    "host": "avatars.githubusercontent.com",
    "port": 443
  },
  {
    "host": "canvas-cdn-prod.azureedge.net",
    "port": 443
  },
  {
    "host": "github.githubassets.com",
    "port": 443
  },
  {
    "host": "fonts.geekzu.org",
    "port": 443
  },
  {
    "host": "dc.services.visualstudio.com",
    "port": 443
  },
  {
    "host": "sparkcdnwus2.azureedge.net",
    "port": 443
  },
  {
    "host": "nexusrules.officeapps.live.com",
    "port": 443
  },
  {
    "host": "api.github.com",
    "port": 443
  },
  {
    "host": "collector.github.com",
    "port": 443
  },
  {
    "host": "docs.github.com",
    "port": 443
  },
  {
    "host": "bl2prdapp01-canary.netmon.azure.com",
    "port": 443
  },
  {
    "host": "bingciservice.koreasouth.cloudapp.azure.com",
    "port": 443
  },
  {
    "host": "alive.github.com",
    "port": 443
  },
  {
    "host": "update.code.visualstudio.com",
    "port": 443
  },
  {
    "host": "guides.github.com",
    "port": 443
  },
  {
    "host": "login.live.com",
    "port": 443
  },
  {
    "host": "github.com",
    "port": 443
  },
  {
    "host": "sparkcdneus2.azureedge.net",
    "port": 443
  },
  {
    "host": "pages-themes.github.io",
    "port": 443
  },
  {
    "host": "storage.live.com",
    "port": 443
  },
  {
    "host": "github-education-web.s3.amazonaws.com",
    "port": 443
  },
  {
    "host": "primary12138tnnd.github.io",
    "port": 80
  },
  {
    "host": "edgeassetservice.azureedge.net",
    "port": 443
  },
  {
    "host": "login.microsoftonline.com",
    "port": 443
  },
  {
    "host": "github-production-upload-manifest-file-7fdce7.s3.amazonaws.com",
    "port": 443
  },
  {
    "host": "education.github.com",
    "port": 443
  },
  {
    "host": "pages.github.com",
    "port": 443
  },
  {
    "host": "githubstatus.com",
    "port": 443
  },
  {
    "host": "edgeshoppingstatic.azureedge.net",
    "port": 443
  },
  {
    "host": "vscodeexperiments.azureedge.net",
    "port": 443
  },
  {
    "host": "fp-as-nocache.azureedge.net",
    "port": 443
  },
  {
    "host": "js.monitor.azure.com",
    "port": 443
  },
  {
    "host": "raw.githubusercontent.com",
    "port": 443
  },
  {
    "host": "marketplace.visualstudio.com",
    "port": 443
  }
]